{
  "scenarios": [
    {
      "name": "scenario1",
      "jobs": [
        {
          "name": "job1",
          "texts": [
            {
              "img": "job1-1.jpg",
              "text": "Lorem ipsum dolor sit amet, consectetur adipiscing elit. Ut in purus id turpis fermentum tristique et a mauris. Nam commodo tortor nisi, eu consectetur nibh faucibus id. Ut vel nunc volutpat, finibus elit vitae, ornare eros."
            },
            {
              "img": "job1-2.jpg",
              "text": "Lorem ipsum dolor sit amet, consectetur adipiscing elit. Ut in purus id turpis fermentum tristique et a mauris. Nam commodo tortor nisi, eu consectetur nibh faucibus id. Ut vel nunc volutpat, finibus elit vitae, ornare eros."
            },
            {
              "img": "job1-3.jpg",
              "text": "Lorem ipsum dolor sit amet, consectetur adipiscing elit. Ut in purus id turpis fermentum tristique et a mauris. Nam commodo tortor nisi, eu consectetur nibh faucibus id. Ut vel nunc volutpat, finibus elit vitae, ornare eros."
            }
          ]
        },
        {
          "name": "job2",
          "texts": [
            {
              "img": "job2-1.jpg",
              "text": "Lorem ipsum dolor sit amet, consectetur adipiscing elit. Ut in purus id turpis fermentum tristique et a mauris. Nam commodo tortor nisi, eu consectetur nibh faucibus id. Ut vel nunc volutpat, finibus elit vitae, ornare eros."
            },
            {
              "img": "job2-2.jpg",
              "text": "Lorem ipsum dolor sit amet, consectetur adipiscing elit. Ut in purus id turpis fermentum tristique et a mauris. Nam commodo tortor nisi, eu consectetur nibh faucibus id. Ut vel nunc volutpat, finibus elit vitae, ornare eros."
            },
            {
              "img": "job2-3.jpg",
              "text": "Lorem ipsum dolor sit amet, consectetur adipiscing elit. Ut in purus id turpis fermentum tristique et a mauris. Nam commodo tortor nisi, eu consectetur nibh faucibus id. Ut vel nunc volutpat, finibus elit vitae, ornare eros."
            }
          ]
        },
        {
          "name": "job3",
          "texts": [
            {
              "img": "job3-1.jpg",
              "text": "Lorem ipsum dolor sit amet, consectetur adipiscing elit. Ut in purus id turpis fermentum tristique et a mauris. Nam commodo tortor nisi, eu consectetur nibh faucibus id. Ut vel nunc volutpat, finibus elit vitae, ornare eros."
            },
            {
              "img": "job3-2.jpg",
              "text": "Lorem ipsum dolor sit amet, consectetur adipiscing elit. Ut in purus id turpis fermentum tristique et a mauris. Nam commodo tortor nisi, eu consectetur nibh faucibus id. Ut vel nunc volutpat, finibus elit vitae, ornare eros."
            },
            {
              "img": "job3-3.jpg",
              "text": "Lorem ipsum dolor sit amet, consectetur adipiscing elit. Ut in purus id turpis fermentum tristique et a mauris. Nam commodo tortor nisi, eu consectetur nibh faucibus id. Ut vel nunc volutpat, finibus elit vitae, ornare eros."
            }
          ]
        }
      ]
    },
    {
      "name": "scenario2",
      "jobs": [
        {
          "name": "job1",
          "texts": [
            {
              "img": "job1-1.jpg",
              "text": "Lorem ipsum dolor sit amet, consectetur adipiscing elit. Ut in purus id turpis fermentum tristique et a mauris. Nam commodo tortor nisi, eu consectetur nibh faucibus id. Ut vel nunc volutpat, finibus elit vitae, ornare eros."
            },
            {
              "img": "job1-2.jpg",
              "text": "Lorem ipsum dolor sit amet, consectetur adipiscing elit. Ut in purus id turpis fermentum tristique et a mauris. Nam commodo tortor nisi, eu consectetur nibh faucibus id. Ut vel nunc volutpat, finibus elit vitae, ornare eros."
            },
            {
              "img": "job1-3.jpg",
              "text": "Lorem ipsum dolor sit amet, consectetur adipiscing elit. Ut in purus id turpis fermentum tristique et a mauris. Nam commodo tortor nisi, eu consectetur nibh faucibus id. Ut vel nunc volutpat, finibus elit vitae, ornare eros."
            }
          ]
        },
        {
          "name": "job2",
          "texts": [
            {
              "img": "job2-1.jpg",
              "text": "Lorem ipsum dolor sit amet, consectetur adipiscing elit. Ut in purus id turpis fermentum tristique et a mauris. Nam commodo tortor nisi, eu consectetur nibh faucibus id. Ut vel nunc volutpat, finibus elit vitae, ornare eros."
            },
            {
              "img": "job2-2.jpg",
              "text": "Lorem ipsum dolor sit amet, consectetur adipiscing elit. Ut in purus id turpis fermentum tristique et a mauris. Nam commodo tortor nisi, eu consectetur nibh faucibus id. Ut vel nunc volutpat, finibus elit vitae, ornare eros."
            },
            {
              "img": "job2-3.jpg",
              "text": "Lorem ipsum dolor sit amet, consectetur adipiscing elit. Ut in purus id turpis fermentum tristique et a mauris. Nam commodo tortor nisi, eu consectetur nibh faucibus id. Ut vel nunc volutpat, finibus elit vitae, ornare eros."
            }
          ]
        },
        {
          "name": "job3",
          "texts": [
            {
              "img": "job3-1.jpg",
              "text": "Lorem ipsum dolor sit amet, consectetur adipiscing elit. Ut in purus id turpis fermentum tristique et a mauris. Nam commodo tortor nisi, eu consectetur nibh faucibus id. Ut vel nunc volutpat, finibus elit vitae, ornare eros."
            },
            {
              "img": "job3-2.jpg",
              "text": "Lorem ipsum dolor sit amet, consectetur adipiscing elit. Ut in purus id turpis fermentum tristique et a mauris. Nam commodo tortor nisi, eu consectetur nibh faucibus id. Ut vel nunc volutpat, finibus elit vitae, ornare eros."
            },
            {
              "img": "job3-3.jpg",
              "text": "Lorem ipsum dolor sit amet, consectetur adipiscing elit. Ut in purus id turpis fermentum tristique et a mauris. Nam commodo tortor nisi, eu consectetur nibh faucibus id. Ut vel nunc volutpat, finibus elit vitae, ornare eros."
            }
          ]
        }
      ]
    }
  ]
}